Name,Nationality,Age,Games Played,Goals,Own Goals,Assists,Yellow Cards,Red Cards,Second Yellow,Subbed On,Subbed Off,Most Recent Transfer Fee,Value
Trent Alexander-Arnold,England,23,14,1,0,10,1,0,0,0,3,0,75000000
Rúben Dias,Portugal,24,18,0,0,2,3,0,0,2,0,68000000,75000000
Marquinhos,Brazil,27,15,3,0,1,2,0,0,0,0,31400000,75000000
Alphonso Davies,Canada,21,18,0,0,5,1,0,0,1,6,10000000,70000000
Achraf Hakimi,Morocco,23,20,3,0,2,2,1,0,2,1,60000000,70000000
Matthijs de Ligt,Netherlands,22,15,1,0,0,1,0,0,1,1,85500000,70000000
Raphaël Varane,France,28,9,0,0,1,1,0,0,1,1,40000000,70000000
Andrew Robertson,Scotland,27,14,0,0,3,2,0,0,2,2,9000000,65000000
Jules Koundé,France,23,16,0,0,0,0,0,0,0,0,25000000,60000000
Dayot Upamecano,France,23,18,0,0,4,5,0,0,1,2,42500000,60000000
Alessandro Bastoni,Italy,22,18,0,0,1,2,0,0,1,6,31100000,60000000
José María Giménez,Uruguay,26,15,0,0,0,4,0,0,1,2,995000,60000000
Milan Skriniar,Slovakia,26,18,3,0,0,2,0,0,0,0,34000000,60000000
João Cancelo,Portugal,27,20,2,0,6,6,0,0,1,1,65000000,55000000
Virgil van Dijk,Netherlands,30,16,1,0,1,0,0,0,0,0,84650000,55000000
David Alaba,Austria,29,18,2,0,3,1,0,0,0,2,0,55000000
Pau Torres,Spain,24,18,1,0,0,1,0,0,0,0,0,50000000
Theo Hernández,France,24,15,1,0,5,5,0,1,2,1,21500000,50000000
Ferland Mendy,France,26,9,1,0,1,3,0,0,1,3,48000000,50000000
Harry Maguire,England,28,15,1,0,0,3,0,1,0,1,87000000,50000000
Stefan de Vrij,Netherlands,29,15,1,1,0,1,0,0,0,3,0,50000000
Kalidou Koulibaly,Senegal,30,18,2,0,2,4,1,0,0,0,7750000,48000000
Reece James,England,21,15,5,0,5,3,1,0,3,1,0,45000000
Diego Carlos,Brazil,28,19,3,0,0,3,0,1,0,2,15000000,45000000
Caglar Söyüncü,Turkey,25,21,1,0,0,3,0,0,1,1,21100000,45000000
Lucas Hernández,France,25,15,0,0,0,4,0,0,1,6,80000000,45000000
Aymeric Laporte,Spain,27,13,1,0,0,6,1,0,0,3,65000000,45000000
Luke Shaw,England,26,15,0,0,2,5,0,0,0,3,37500000,42000000
Nuno Mendes,Portugal,19,17,0,1,1,4,0,0,5,5,40000000,40000000
Edmond Tapsoba,Burkina Faso,22,10,0,0,0,1,0,0,3,0,18000000,40000000
Aaron Wan-Bissaka,England,24,17,0,0,0,2,1,0,0,0,55000000,40000000
Wesley Fofana,France,20,0,0,0,0,0,0,0,0,0,35000000,40000000
Éder Militão,Brazil,23,18,0,0,1,1,0,0,0,1,50000000,40000000
Ben White,England,24,12,0,0,0,1,0,0,0,1,58500000,40000000
Fikayo Tomori,England,23,16,0,1,0,4,0,0,1,1,28800000,40000000
Presnel Kimpembe,France,26,18,0,0,0,3,0,0,1,2,0,40000000
Raphaël Guerreiro,Portugal,27,10,3,0,1,1,0,0,2,4,12000000,40000000
Ben Chilwell,England,24,12,3,0,1,0,0,0,3,2,50200000,38000000
Ibrahima Konaté,France,22,6,0,0,0,1,0,0,0,0,40000000,35000000
Cristian Romero,Argentina,23,13,0,0,0,5,0,1,1,1,35000000,35000000
Benjamin Pavard,France,25,12,0,0,1,0,1,0,2,4,35000000,35000000
Mario Hermoso,Spain,26,18,0,0,1,4,1,0,1,10,25000000,35000000
José Gayà,Spain,26,11,2,0,2,4,0,0,0,2,0,35000000
Andreas Christensen,Denmark,25,13,1,0,0,1,0,0,1,1,0,35000000
Niklas Süle,Germany,26,18,0,0,1,3,0,0,4,5,20000000,35000000
Lucas Digne,France,28,14,1,1,0,3,0,0,1,1,20000000,35000000
Antonio Rüdiger,Germany,28,18,2,0,2,4,0,0,0,0,35000000,35000000
Davinson Sánchez,Colombia,25,11,0,0,0,2,0,0,3,0,42000000,32000000
Kieran Tierney,Scotland,24,8,0,0,0,0,0,0,0,2,27000000,32000000
Nathan Aké,Netherlands,26,8,1,0,0,0,0,0,2,0,43500000,32000000
Kurt Zouma,France,27,11,1,0,0,1,0,0,0,1,35000000,30000000
Sergiño Dest,United States,21,14,0,0,3,1,0,0,2,6,35000000,30000000
Manuel Akanji,Switzerland,26,21,0,0,0,2,0,0,1,0,21500000,30000000
Gianluca Mancini,Italy,25,19,1,0,0,6,0,0,0,0,21000000,30000000
Joe Gomez,England,24,7,0,0,0,0,0,0,4,0,4900000,30000000
Tyrone Mings,England,28,12,1,0,1,4,0,0,1,0,22300000,30000000
Ricardo Pereira,Portugal,28,11,0,0,2,2,0,0,1,3,22000000,30000000
John Stones,England,27,7,0,1,0,0,0,0,1,0,55600000,28000000
Benoît Badiashile,France,20,24,0,0,1,6,0,0,2,3,0,28000000
Maxence Lacroix,France,21,16,0,0,0,4,1,1,0,2,5000000,28000000
Evan N'Dicka,France,22,16,1,0,1,2,0,0,1,0,5500000,28000000
Sven Botman,Netherlands,21,15,2,0,0,2,0,0,0,1,8000000,28000000
Merih Demiral,Turkey,23,14,1,0,1,5,0,0,1,5,18000000,28000000
Timothy Castagne,Belgium,25,15,0,0,0,0,0,0,3,0,20000000,28000000
Nélson Semedo,Portugal,28,16,0,0,0,1,0,0,2,5,32000000,28000000
Oleksandr Zinchenko,Ukraine,24,8,0,0,0,2,0,0,3,1,2000000,28000000
Kyle Walker,England,31,16,1,0,0,1,0,0,0,3,52700000,27000000
Lukas Klostermann,Germany,25,13,0,0,1,2,0,0,1,4,1000000,27000000
Matthias Ginter,Germany,27,13,0,0,0,0,0,0,0,1,17000000,26000000
Leonardo Spinazzola,Italy,28,0,0,0,0,0,0,0,0,0,29500000,25000000
Roger Ibañez,Brazil,23,21,3,0,0,3,0,0,3,0,9000000,25000000
Lisandro Martínez,Argentina,23,19,0,0,4,3,0,0,1,4,7000000,25000000
Ronald Araújo,Uruguay,22,14,1,0,0,2,0,0,6,1,4700000,25000000
Renan Lodi,Brazil,23,16,0,0,1,0,0,0,13,3,20600000,25000000
Emerson Royal,Brazil,22,16,0,0,0,2,0,0,5,1,25000000,25000000
Gabriel,Brazil,23,11,1,0,0,1,0,0,0,1,26000000,25000000
Nikola Milenkovic,Serbia,24,14,2,0,0,2,0,1,0,0,5100000,25000000
Ezri Konsa,England,24,13,0,0,0,1,1,0,1,1,13300000,25000000
Robin Le Normand,France,25,19,0,0,0,3,0,0,0,1,0,25000000
Nordi Mukiele,France,24,18,2,1,1,2,0,0,4,3,16000000,25000000
Ben Godfrey,England,23,11,0,0,0,2,0,0,0,2,27500000,25000000
Sergio Reguilón,Spain,24,14,1,0,2,1,0,0,1,4,30000000,25000000
Jason Denayer,Belgium,26,15,2,0,1,1,0,0,3,1,10000000,25000000
Davide Calabria,Italy,24,14,2,0,1,2,0,0,1,2,0,25000000
Jan Bednarek,Poland,25,12,0,0,0,3,0,0,2,1,6000000,25000000
Abdou Diallo,Senegal,25,10,0,0,1,2,0,0,0,3,32000000,25000000
Thilo Kehrer,Germany,25,14,0,0,0,1,0,0,4,1,37000000,25000000
Nico Elvedi,Switzerland,25,14,0,0,1,1,0,0,0,1,4000000,25000000
James Tarkowski,England,29,13,1,0,2,6,0,0,0,0,4000000,25000000
Iñigo Martínez,Spain,30,12,2,0,0,2,1,1,0,0,32000000,25000000
Lewis Dunk,England,30,14,0,0,0,0,0,0,1,0,0,25000000
Daniel Carvajal,Spain,29,13,1,0,0,1,0,0,3,6,6500000,25000000
Conor Coady,England,28,15,1,0,0,1,0,0,1,1,2800000,25000000
Michael Keane,England,28,15,1,0,2,0,0,0,1,0,28500000,25000000
Stefan Savic,Montenegro,30,13,0,1,0,2,0,0,0,0,12000000,24000000
Victor Lindelöf,Sweden,27,15,0,0,2,1,0,0,1,0,35000000,24000000
Giovanni Di Lorenzo,Italy,28,19,1,0,2,4,0,0,0,0,8000000,23000000
Odilon Kossounou,Cote d'Ivoire,20,17,0,0,2,1,0,0,4,1,23000000,22000000
Max Aarons,England,21,17,0,1,1,5,0,0,1,1,0,22000000
Matty Cash,Poland,24,14,1,0,1,4,0,0,0,3,15750000,22000000
Marash Kumbulla,Albania,21,9,0,0,0,2,0,0,4,2,26500000,22000000
Ramy Bensebaini,Algeria,26,8,2,0,1,1,0,0,1,0,8000000,22000000
Joachim Andersen,Denmark,25,13,0,0,1,3,0,0,1,0,17500000,22000000
Jonathan Tah,Germany,25,19,0,0,2,2,0,0,0,0,7500000,22000000
Alejandro Grimaldo,Spain,26,22,3,0,4,2,0,0,2,9,2100000,22000000
Eric Dier,England,27,15,0,1,0,0,0,0,1,1,5000000,22000000
Berat Djimsiti,Albania,28,13,0,0,1,1,0,0,4,1,0,20000000
Pedro Porro,Spain,22,16,3,0,2,6,0,0,5,7,0,20000000
Eric García,Spain,20,16,0,0,0,3,1,1,2,3,20000000,20000000
Dodô,Brazil,23,23,0,0,4,1,0,0,1,1,2000000,20000000
Marc Guehi,England,21,19,3,0,0,1,0,0,1,0,23340000,20000000
Alfonso Pedraza,Spain,25,12,0,0,2,2,0,0,2,8,0,20000000
Igor Zubeldia,Spain,24,12,0,0,2,2,0,0,6,0,0,20000000
Mason Holgate,England,25,6,0,0,0,0,1,0,1,0,1400000,20000000
Takehiro Tomiyasu,Japan,23,13,0,1,1,1,0,0,1,2,18600000,20000000
Yerry Mina,Colombia,27,6,0,0,0,1,0,0,1,0,30250000,20000000
Marc Cucurella,Spain,23,13,0,0,1,3,0,0,3,3,18000000,20000000
Alex Telles,Brazil,28,5,1,0,0,1,0,0,1,2,15000000,20000000
Yeray Álvarez,Spain,26,5,0,0,0,3,0,0,0,0,0,20000000
Zeki Celik,Turkey,24,17,0,0,0,5,0,0,1,1,2500000,20000000
Diego Llorente,Spain,28,11,1,0,0,3,0,0,0,4,20000000,20000000
Alessio Romagnoli,Italy,26,13,1,0,0,1,1,0,3,1,25000000,20000000
Héctor Bellerín,Spain,26,10,0,1,3,0,1,0,0,0,0,20000000
Danilo,Brazil,30,14,0,0,1,4,0,0,0,2,37000000,20000000
Kieran Trippier,England,31,15,0,0,0,1,0,0,3,6,22000000,20000000
Alex Sandro,Brazil,30,17,1,0,1,1,0,0,3,3,26000000,19000000
Josko Gvardiol,Croatia,19,18,0,0,2,2,0,0,5,4,18800000,19000000
Joakim Maehle,Denmark,24,17,0,0,0,2,0,0,3,4,12000000,18000000
Mohamed Simakan,France,21,16,0,0,0,3,0,0,2,5,15000000,18000000
Rayan Aït Nouri,France,20,8,0,0,2,1,0,0,1,3,11100000,18000000
Tariq Lamptey,England,21,7,0,0,0,1,0,0,3,4,3300000,18000000
William Saliba,France,20,23,0,0,0,3,0,0,0,1,30000000,18000000
Marcos Senesi,Argentina,24,21,0,0,3,2,0,0,0,6,7000000,18000000
Luiz Felipe,Brazil,24,16,0,0,0,5,1,0,0,2,750000,18000000
Ryan Sessegnon,England,21,5,0,0,0,0,0,1,1,3,27000000,18000000
Axel Disasi,France,23,19,1,0,0,3,0,0,4,4,13000000,18000000
Kyle Walker-Peters,England,24,11,1,0,1,3,0,0,2,1,13300000,18000000
Noussair Mazraoui,Morocco,24,19,4,0,3,1,0,0,0,6,0,18000000
Rob Holding,England,26,5,0,0,0,2,0,0,0,1,3000000,18000000
Duje Caleta-Car,Croatia,25,9,0,1,0,2,0,0,0,2,19000000,18000000
Aritz Elustondo,Spain,27,17,3,0,1,4,1,0,1,1,0,18000000
Djené,Togo,29,14,0,0,0,3,1,0,0,1,2500000,18000000
Adam Webster,England,26,8,1,0,0,2,0,0,1,2,22220000,18000000
Clément Lenglet,France,26,9,0,0,0,2,0,0,4,2,35900000,18000000
Nicolás Tagliafico,Argentina,29,9,1,0,1,0,1,0,5,3,4000000,18000000
Jannik Vestergaard,Denmark,29,12,0,0,0,2,0,0,5,1,17600000,18000000
Joel Matip,Cameroon,30,15,0,0,0,1,0,0,0,1,0,18000000
Marcos Acuña,Argentina,30,18,1,0,2,3,0,0,3,5,11250000,17000000
Loïc Badé,France,21,16,1,1,0,2,0,2,3,1,17000000,17000000
Jurrien Timber,Netherlands,20,19,2,0,0,3,0,0,1,2,0,17000000
James Justin,England,23,0,0,0,0,0,0,0,0,0,6700000,17000000
Vitaliy Mykolenko,Ukraine,22,18,0,0,3,1,0,0,0,4,0,17000000
Gonzalo Montiel,Argentina,24,13,1,0,1,3,0,0,3,6,11000000,17000000
Ozan Kabak,Turkey,21,6,0,0,0,2,0,0,0,1,4000000,17000000
Robin Koch,Germany,25,1,0,0,0,0,0,0,0,0,13000000,17000000
Kristoffer Ajer,Norway,23,9,0,0,0,1,0,0,2,1,15700000,17000000
Matt Targett,England,26,13,1,1,1,2,0,0,0,2,15500000,16000000
Caio Henrique,Brazil,24,23,0,0,8,1,0,0,3,9,8000000,16000000
Denzel Dumfries,Netherlands,25,15,0,0,3,2,0,0,10,1,12500000,16000000
Borna Sosa,Croatia,23,15,2,0,4,2,0,0,0,2,6000000,16000000
Jeremiah St. Juste,Netherlands,25,7,0,0,0,0,0,0,1,1,8000000,16000000
Felix Uduokhai,Germany,24,4,0,0,0,0,0,0,0,0,7000000,16000000
Hans Hateboer,Netherlands,27,0,0,0,0,0,0,0,0,0,1040000,16000000
Amir Rrahmani,Kosovo,27,16,2,0,0,4,0,0,2,1,14200000,16000000
Léo Dubois,France,27,13,0,0,1,3,0,0,2,3,0,16000000
Douglas Santos,Brazil,27,19,0,0,2,0,0,0,0,4,13000000,16000000
Mbemba,DR Congo,27,15,0,1,0,3,1,0,0,1,4660000,16000000
Ben Davies,Wales,28,13,0,0,0,2,0,0,3,0,12650000,16000000
Matt Doherty,Ireland,29,8,0,0,0,0,0,0,2,2,16800000,16000000
Mário Fernandes,Russia,31,15,0,0,0,2,0,0,0,1,10500000,16000000
Willi Orban,Hungary,29,16,1,0,1,1,0,0,0,3,2000000,16000000
Juan Cuadrado,Colombia,33,16,2,0,0,6,0,0,4,7,20000000,15000000
Bremer,Brazil,24,13,2,0,1,3,0,0,0,1,5800000,15000000
Jeremie Frimpong,Netherlands,20,24,2,0,6,6,0,0,0,7,11000000,15000000
Juan Foyth,Argentina,23,15,0,0,0,2,0,1,0,3,15000000,15000000
Youcef Atal,Algeria,25,10,1,0,1,3,0,0,2,5,3000000,15000000
Ethan Ampadu,Wales,21,9,0,0,2,4,1,0,2,4,2800000,15000000
Pervis Estupiñán,Ecuador,23,15,0,0,0,1,0,0,8,4,16400000,15000000
Japhet Tanganga,England,22,10,0,0,0,0,0,1,0,4,0,15000000
Owen Wijndal,Netherlands,22,16,1,0,4,3,0,0,0,6,0,15000000
Unai Núñez,Spain,24,4,0,0,0,1,0,0,2,0,0,15000000
Óscar Mingueza,Spain,22,16,0,0,0,2,0,0,6,7,0,15000000
Moussa Niakhaté,France,25,12,1,0,0,2,0,0,2,1,6000000,15000000
Issa Diop,France,24,7,1,0,0,1,0,0,0,0,25000000,15000000
Tosin Adarabioyo,England,24,17,0,0,0,1,1,0,1,0,1650000,15000000
Rick Karsdorp,Netherlands,26,19,0,0,3,5,0,0,0,6,16000000,15000000
Jonny Otto,Spain,27,0,0,0,0,0,0,0,0,0,21000000,15000000
Gabriel Paulista,Brazil,31,12,1,0,1,1,0,0,0,2,11000000,15000000
Serge Aurier,Cote d'Ivoire,28,5,0,0,1,0,0,0,3,0,0,15000000
Marcos Alonso,Spain,30,13,1,0,1,3,0,0,1,4,23000000,15000000
Konstantinos Manolas,Greece,30,6,0,0,0,3,0,0,1,1,36000000,15000000
Rafael Tolói,Italy,31,11,1,0,0,2,0,0,0,1,3870000,15000000
Jordi Alba,Spain,32,14,0,0,5,3,0,0,0,2,14000000,14000000
Jean-Clair Todibo,France,21,15,1,0,0,3,0,0,1,1,8500000,14000000
Dan-Axel Zagadou,France,22,5,0,0,0,1,0,0,3,2,0,14000000
Sebastiaan Bornauw,Belgium,22,11,0,0,1,2,0,0,4,2,13500000,14000000
Guillermo Maripán,Chile,27,16,0,0,0,5,0,0,2,3,18000000,14000000
Philipp Lienhart,Austria,25,15,3,0,0,0,0,0,0,1,2000000,14000000
Kevin Mbabu,Switzerland,26,19,0,0,1,5,0,0,7,2,9200000,14000000
Emerson,Italy,27,15,1,0,1,2,1,0,2,0,20000000,14000000
John Anthony Brooks,United States,28,17,0,0,1,3,0,1,2,2,17000000,14000000
Sebastián Coates,Uruguay,31,17,4,0,1,3,0,0,0,0,4720000,13500000
Daley Blind,Netherlands,31,20,1,0,3,0,0,0,3,6,16000000,13000000
Jhon Lucumí,Colombia,23,19,1,0,0,4,0,0,2,2,2500000,13000000
Nico Schlotterbeck,Germany,21,15,0,0,0,1,0,0,0,1,0,13000000
Elseid Hysaj,Albania,27,17,1,0,0,2,0,0,0,3,0,13000000
Federico Dimarco,Italy,24,18,2,0,2,1,0,0,10,4,0,13000000
Jamaal Lascelles,England,28,11,1,1,0,5,0,0,0,0,5000000,13000000
Juan Bernat,Spain,28,5,0,0,0,1,0,0,1,2,5000000,13000000
Martin Hinteregger,Austria,29,15,1,0,0,2,0,1,0,0,9000000,13000000
César Azpilicueta,Spain,32,14,0,0,3,1,0,0,3,5,8800000,12000000
Tyrick Mitchell,England,22,14,0,0,1,0,0,0,1,0,0,12000000
Adrien Truffert,France,20,21,2,0,1,2,0,0,9,6,0,12000000
Valentino Livramento,England,19,17,1,0,1,1,0,0,3,1,5900000,12000000
Matías Viña,Uruguay,24,12,0,0,1,2,0,0,1,5,13000000,12000000
Mathí­as Olivera,Uruguay,24,13,1,0,0,3,0,0,0,3,850000,12000000
Junior Firpo,Dominican Republic,25,11,0,1,0,2,0,0,2,3,15000000,12000000
Rasmus Kristensen,Denmark,24,25,7,0,7,1,0,0,1,2,5000000,12000000
Jamal Lewis,Northern Ireland,23,3,0,0,0,0,0,0,1,1,16500000,12000000
Zinho Vanheusden,Belgium,22,6,0,0,0,2,0,0,2,2,16000000,12000000
Gian Marco Ferrari,Italy,29,14,0,0,1,3,0,0,0,0,4000000,12000000
Domingos Duarte,Portugal,26,8,1,0,0,3,0,0,0,1,3000000,12000000
Calum Chambers,England,26,4,1,0,0,0,0,0,1,1,20230000,12000000
Vladimir Coufal,Czech Republic,29,16,0,0,3,0,0,0,5,0,6000000,12000000
Layvin Kurzawa,France,29,1,0,0,0,0,0,0,1,0,25000000,12000000
Philipp Max,Germany,28,21,1,0,3,2,0,0,0,7,8000000,12000000
Chris Smalling,England,32,9,1,0,0,0,0,0,4,2,15000000,12000000
Thomas Meunier,Belgium,30,16,0,0,4,6,0,0,0,4,0,12000000
Christian Günter,Germany,28,15,0,0,4,2,0,0,0,0,0,12000000
Mats Hummels,Germany,32,16,1,0,1,2,1,0,2,7,30500000,11000000
Ilya Zabarnyi,Ukraine,19,20,0,0,1,5,0,0,1,0,0,11000000
Tanguy Nianzou,France,19,12,0,0,1,3,1,0,4,2,0,11000000
Mykola Matvienko,Ukraine,25,22,1,0,1,0,0,0,2,4,0,11000000
Samuel Gigot,France,28,21,1,1,1,5,0,0,0,1,8000000,11000000
Attila Szalai,Hungary,23,20,0,0,0,3,0,0,4,2,2000000,11000000
Stefan Posch,Austria,24,13,1,0,0,2,0,0,2,3,200000,10500000
Marcão,Brazil,25,15,0,0,1,5,1,0,0,0,4000000,10000000
Leonardo Balerdi,Argentina,22,11,0,0,0,4,1,0,3,1,11000000,10000000
Mohammed Salisu,Ghana,22,15,1,0,0,4,0,0,1,0,12000000,10000000
Devyne Rensch,Netherlands,18,16,0,0,0,1,0,1,8,5,0,10000000
Miguel Gutiérrez,Spain,20,9,1,0,2,2,0,0,1,5,0,10000000
Brandon Williams,England,21,9,0,0,0,3,0,0,1,2,0,10000000
Daniel Muñoz,Colombia,25,20,1,0,1,7,1,0,4,4,4500000,10000000
Lloyd Kelly,England,23,18,1,0,0,2,0,0,0,0,14800000,10000000
Facundo Medina,Argentina,22,14,1,0,0,5,0,0,0,3,3500000,10000000
Colin Dagba,France,23,2,0,0,0,0,0,0,1,1,0,10000000
Nahuel Molina,Argentina,23,15,2,0,2,3,0,0,3,7,0,10000000
Lucas Martínez Quarta,Argentina,25,9,1,0,0,5,0,0,0,2,6300000,10000000
Mitchel Bakker,Netherlands,21,14,1,0,6,4,0,0,2,4,7000000,10000000
Diogo Leite,Portugal,22,15,0,0,0,5,0,0,1,1,0,10000000
Diogo Dalot,Portugal,22,8,0,0,1,1,0,0,5,0,22000000,10000000
Trevoh Chalobah,England,22,13,3,0,0,0,0,0,2,0,0,10000000
Rico Henry,England,24,14,2,0,0,1,0,0,1,3,1800000,10000000
Konstantinos Tsimikas,Greece,25,11,0,0,2,1,0,0,2,4,13000000,10000000
Romain Perraud,France,24,8,0,0,0,0,0,0,1,3,12000000,10000000
Joe Rodon,Wales,24,6,0,0,0,0,0,0,2,1,12100000,10000000
Andoni Gorosabel,Spain,25,17,0,0,1,4,0,0,5,5,0,10000000
Eric Bailly,Cote d'Ivoire,27,4,0,1,0,1,0,0,0,1,38000000,10000000
Álvaro Odriozola,Spain,25,11,0,0,1,4,0,0,4,3,30000000,10000000
Marlon,Brazil,26,20,0,0,0,5,0,1,0,3,12000000,10000000
Adam Marusic,Montenegro,29,14,0,0,0,2,0,0,4,2,5500000,10000000
Romain Saïss,Morocco,31,14,2,0,0,3,0,0,0,2,4000000,10000000
Ruben Aguilar,France,28,19,0,2,0,1,0,0,5,2,8000000,10000000
Marvin Friedrich,Germany,25,17,0,1,0,1,0,1,0,0,2000000,10000000
Clinton Mata,Angola,29,23,2,0,3,4,0,0,0,3,1500000,10000000
Valentino Lazaro,Austria,25,9,0,0,2,1,0,0,6,2,22400000,10000000
Davide Zappacosta,Italy,29,18,1,0,4,3,0,0,2,9,9000000,10000000
Niklas Stark,Germany,26,13,0,0,0,1,0,0,0,0,3000000,10000000
Benjamin Mendy,France,27,2,0,0,0,0,0,0,0,1,57500000,10000000
Willy Boly,Cote d'Ivoire,30,1,0,0,0,0,0,0,0,0,12000000,10000000
Francesco Acerbi,Italy,33,17,0,0,2,2,1,0,0,0,12000000,10000000
José Luis Palomino,Argentina,31,16,1,0,1,6,0,0,1,2,4700000,10000000
Stefan Lainer,Austria,29,4,0,0,0,0,0,0,1,1,12500000,10000000
Marcel Halstenberg,Germany,30,0,0,0,0,0,0,0,0,0,3500000,10000000
Simon Kjaer,Denmark,32,13,0,1,0,2,0,0,1,1,3680000,10000000
Toby Alderweireld,Belgium,32,8,0,0,0,0,0,0,0,2,13000000,10000000
Dejan Lovren,Croatia,32,16,0,0,0,3,0,0,1,1,12000000,10000000
Armando Izzo,Italy,29,4,0,0,0,0,0,0,3,1,10700000,10000000
Sergio Ramos,Spain,35,1,0,0,0,0,0,0,0,0,0,9000000
Gonçalo Inácio,Portugal,20,17,3,0,2,1,0,0,0,2,0,9000000
Pascal Struijk,Netherlands,22,15,1,0,0,2,1,0,3,1,0,9000000
Thierry Correia,Portugal,22,6,0,0,0,1,0,0,1,1,12000000,9000000
Faitout Maouassa,France,23,9,0,0,0,0,0,0,4,4,4000000,9000000
Mert Müldür,Turkey,22,9,0,0,1,3,0,0,3,1,4700000,9000000
Antonee Robinson,United States,24,19,2,0,2,4,0,0,2,1,2100000,9000000
Tyrell Malacia,Netherlands,22,24,1,0,3,4,0,0,0,2,0,9000000
Pol Lirola,Spain,24,16,1,0,1,0,0,0,3,10,6500000,9000000
Benjamin Henrichs,Germany,24,9,0,0,0,0,0,0,6,2,15000000,9000000
Waldemar Anton,Germany,25,11,0,0,0,2,1,0,1,0,4000000,9000000
Georgiy Dzhikiya,Russia,28,22,1,0,1,3,0,0,0,2,2350000,9000000
Felipe,Brazil,32,11,1,0,1,3,1,0,2,1,20000000,9000000
Pablo,Brazil,30,14,1,0,0,5,0,0,3,1,2500000,9000000
Fabian Schär,Switzerland,29,5,0,0,0,2,0,0,0,1,4000000,9000000
Cristiano Biraghi,Italy,29,15,1,0,1,2,0,0,0,3,2000000,8500000
Vanderson,Brazil,20,0,0,0,0,0,0,0,0,0,0,8500000
David Carmo,Portugal,22,0,0,0,0,0,0,0,0,0,0,8500000
Matteo Gabbia,Italy,22,2,0,0,0,0,0,0,0,1,0,8500000
David Raum,Germany,23,14,0,0,4,2,0,0,1,4,0,8500000
Marin Pongracic,Croatia,24,13,0,0,0,1,0,0,6,5,9000000,8500000
Jérôme Boateng,Germany,33,11,0,0,1,4,0,0,1,7,0,8000000
Piero Hincapié,Ecuador,19,13,1,0,0,2,0,0,4,7,6350000,8000000
Manu Sánchez,Spain,21,13,1,0,2,2,0,0,2,5,0,8000000
Aaron Hickey,Scotland,19,14,2,0,0,5,0,0,0,9,1700000,8000000
Strahinja Pavlovic,Serbia,20,11,0,0,0,2,0,1,3,1,10000000,8000000
Melvin Bard,France,21,17,1,0,2,1,0,0,3,2,3000000,8000000
Luke Thomas,England,20,16,0,0,1,4,0,0,1,2,0,8000000
Neco Williams,Wales,20,4,0,0,2,0,0,0,2,0,0,8000000
Carlos Cuesta,Colombia,22,11,0,0,0,0,0,0,0,2,3800000,8000000
Nathan Collins,Ireland,20,7,0,0,0,1,0,0,1,0,14000000,8000000
Lutsharel Geertruida,Netherlands,21,19,0,0,1,2,0,0,12,2,0,8000000
Perr Schuurs,Netherlands,22,10,0,0,1,0,0,0,7,1,2000000,8000000
Lucas Veríssimo,Brazil,26,18,3,0,2,5,0,1,0,3,6500000,8000000
Fabien Centonze,France,25,13,4,0,1,3,0,0,0,0,3000000,8000000
Nathaniel Phillips,England,24,3,0,0,0,0,0,0,2,0,0,8000000
Nayef Aguerd,Morocco,25,22,4,0,1,1,0,0,0,0,4000000,8000000
Guilherme Arana,Brazil,24,1,0,0,0,0,0,0,0,1,2500000,8000000
Axel Tuanzebe,England,24,9,0,0,0,1,0,0,1,1,0,8000000
Hamari Traoré,Mali,29,20,1,0,4,3,0,0,0,6,2400000,8000000
Maximilian Wöber,Austria,23,20,2,0,1,4,0,0,1,4,10500000,8000000
Diogo Gonçalves,Portugal,24,12,0,0,1,0,1,0,5,6,0,8000000
Rúben Vezo,Portugal,27,13,0,0,1,3,0,0,1,0,5000000,8000000
Alexander Djiku,Ghana,27,13,0,0,0,4,0,1,0,1,4500000,8000000
Jordan Amavi,France,27,2,0,0,0,0,0,0,0,2,10000000,8000000
Paulo Otávio,Brazil,27,8,0,0,1,0,0,0,4,4,1100000,8000000
Jack Stephens,England,27,6,0,0,0,2,0,0,0,1,170000,8000000
Djibril Sidibé,France,29,13,0,0,0,2,0,0,4,3,15000000,8000000
Marc Oliver Kempf,Germany,26,12,3,0,0,2,0,0,1,4,800000,8000000
Pavel Kaderabek,Czech Republic,29,5,1,0,1,2,0,0,1,2,3500000,8000000
Alessandro Florenzi,Italy,30,10,0,0,0,0,0,0,7,3,1250000,8000000
Dedryck Boyata,Belgium,31,9,0,0,0,0,1,0,0,2,2000000,8000000
Mário Rui,Portugal,30,16,0,0,2,4,1,0,0,5,5750000,8000000
Aïssa Mandi,Algeria,30,10,0,1,0,2,0,0,3,0,2800000,8000000
James Tavernier,England,30,22,3,1,13,2,0,0,1,0,250000,8000000
Yuri Berchiche,Spain,31,0,0,0,0,0,0,0,0,0,24000000,8000000
Nacho Fernández,Spain,31,14,2,0,0,3,0,0,4,2,0,8000000
Nicolás Otamendi,Argentina,33,19,0,0,1,5,0,0,0,1,15000000,8000000
Ryan Bertrand,England,32,9,0,0,0,2,0,0,1,4,0,8000000
Leonardo Bonucci,Italy,34,17,3,1,0,1,0,0,0,1,35000000,7500000
Abner,Brazil,21,1,0,0,0,0,0,0,1,0,2400000,7500000
Chris Richards,United States,21,13,0,0,1,0,0,0,7,0,1100000,7500000
David Zima,Czech Republic,21,13,0,0,0,2,0,0,5,0,5900000,7500000
Dani Vivian,Spain,22,9,1,0,0,0,0,0,0,1,0,7500000
Valentin Rosier,France,25,16,0,0,2,1,0,1,0,0,5100000,7500000
Luca Pellegrini,Italy,22,4,0,0,0,0,0,0,2,1,22000000,7500000
Mouctar Diakhaby,France,24,13,0,1,0,5,0,0,8,1,15000000,7500000
Sebastian Walukiewicz,Poland,21,8,0,1,0,1,0,0,1,4,4000000,7500000
Malang Sarr,France,22,3,0,0,0,1,0,0,0,0,0,7500000
Yairo Moreno,Colombia,26,14,2,1,1,5,0,0,0,6,0,7500000
David García,Spain,27,14,2,0,0,4,0,0,0,0,0,7500000
Ludwig Augustinsson,Sweden,27,7,0,0,1,0,0,0,4,2,5500000,7500000
Connor Goldson,England,28,24,1,0,0,4,0,0,0,0,3400000,7500000
Nikola Maksimovic,Serbia,30,5,0,0,0,2,0,0,0,1,0,7500000
Robin Knoche,Germany,29,22,0,0,1,4,0,0,0,0,0,7500000
Mattia De Sciglio,Italy,29,6,0,0,1,1,0,0,1,3,12000000,7500000
Gerard Piqué,Spain,34,16,2,0,0,6,0,0,1,3,5000000,7000000
Sinaly Diomandé,Cote d'Ivoire,20,14,0,1,0,2,0,0,7,1,550000,7000000
Renan,Brazil,19,0,0,0,0,0,0,0,0,0,0,7000000
Wilfried Singo,Cote d'Ivoire,20,15,1,0,2,1,0,0,1,7,0,7000000
Guga,Brazil,23,0,0,0,0,0,0,0,0,0,1800000,7000000
Pierre Kalulu,France,21,19,2,0,3,2,0,0,7,6,1190000,7000000
Hugo Siquet,Belgium,19,21,0,1,3,5,0,0,1,12,5500000,7000000
Brandon Soppy,France,19,10,0,0,0,0,0,0,9,1,2000000,7000000
Timothée Pembélé,France,19,17,1,0,0,2,0,0,7,6,0,7000000
João Mário,Portugal,21,20,0,0,3,2,0,0,1,5,0,7000000
Nuno Tavares,Portugal,21,17,1,0,3,1,0,0,5,1,8000000,7000000
Becir Omeragic,Switzerland,19,19,0,0,1,2,0,0,1,3,0,7000000
Ben Cabango,Wales,21,15,1,0,1,2,0,0,3,2,0,7000000
Ki-Jana Hoever,Netherlands,19,11,1,0,3,1,0,0,7,0,9800000,7000000
Armel Bella Kotchap,Germany,19,15,0,0,0,1,0,0,6,3,0,7000000
Matteo Lovato,Italy,21,11,0,0,1,2,0,0,4,2,8000000,7000000
Ethan Pinnock,Jamaica,28,14,1,0,1,0,0,0,0,2,3350000,7000000
Omar Richards,England,23,8,0,0,1,0,0,0,5,1,0,7000000
Victor Nelsson,Denmark,23,22,0,0,1,4,0,0,1,0,7000000,7000000
Gabriele Zappa,Italy,21,12,0,0,0,2,0,1,4,5,3500000,7000000
César Montes,Mexico,24,11,1,0,0,1,0,1,0,2,0,7000000
Pape Abou Cissé,Senegal,26,21,2,0,0,6,0,0,3,3,700000,7000000
Juan Miranda,Spain,21,14,2,0,0,2,0,0,0,6,0,7000000
Amos Pieper,Germany,23,14,0,0,0,3,0,0,0,1,50000,7000000
Luis Abram,Peru,25,7,0,0,0,1,0,0,2,2,0,7000000
Filip Uremovic,Croatia,24,16,0,0,0,5,0,0,0,2,1000000,7000000
Olivier Boscagli,France,24,24,3,0,0,4,0,1,1,5,2000000,7000000
Dimitrios Giannoulis,Greece,26,10,0,0,0,1,0,0,4,2,7500000,7000000
Wout Faes,Belgium,23,15,1,0,0,1,0,0,0,0,0,7000000
Hassane Kamara,Cote d'Ivoire,27,11,0,0,0,2,0,0,4,5,4000000,7000000
Paulo Díaz,Chile,27,14,1,0,0,3,0,0,0,1,3600000,7000000
Wilson Manafá,Portugal,27,7,0,0,1,1,0,0,3,1,7000000,7000000
Kevin Bonifazi,Italy,25,9,0,1,1,2,0,0,2,1,6000000,7000000
Reinildo Mandava,Mozambique,27,18,0,0,0,5,0,0,1,4,3000000,7000000
Daley Sinkgraven,Netherlands,26,10,0,0,0,0,0,0,7,3,5000000,7000000
Dória,Brazil,27,18,1,0,0,5,0,0,0,0,2000000,7000000
Arthur Masuaku,DR Congo,28,10,0,0,0,0,0,0,2,5,7100000,7000000
Vyacheslav Karavaev,Russia,26,16,0,0,2,2,0,0,1,7,8000000,7000000
Jeison Murillo,Colombia,29,13,0,0,0,3,0,0,1,5,13300000,7000000
Ben Gibson,England,28,11,0,0,0,1,0,1,0,0,9300000,7000000
Jérôme Roussillon,France,28,16,1,0,0,5,0,0,5,8,5000000,7000000
John Egan,Ireland,29,21,2,0,0,2,0,0,0,0,4500000,7000000
Jeffrey Gouweleeuw,Netherlands,30,11,1,0,0,4,0,0,0,0,3000000,7000000
Liam Cooper,Scotland,30,14,0,0,1,4,0,0,1,0,750000,7000000
Davide Faraoni,Italy,30,13,2,0,2,4,0,0,0,3,300000,7000000
Néstor Araújo,Mexico,30,13,0,0,0,2,0,0,4,1,7000000,7000000
Matteo Darmian,Italy,31,15,1,0,1,3,0,0,1,7,2500000,7000000
Jonny Evans,Northern Ireland,33,11,0,0,1,2,0,0,1,3,4000000,6500000
Min-jae Kim,"Korea, South",25,17,0,0,0,1,0,1,0,2,3000000,6500000
Keven Schlotterbeck,Germany,24,4,1,0,0,1,0,0,2,0,0,6500000
David Martínez,Paraguay,23,15,0,0,0,1,0,0,1,0,750000,6500000
Junior Sambia,France,25,13,0,0,0,0,0,1,4,4,2000000,6500000
Rasmus Lauritsen,Denmark,25,16,1,0,0,0,0,0,1,3,1600000,6500000
Fodé Ballo-Touré,Senegal,24,9,0,0,0,2,0,0,4,4,5000000,6500000
Wendell,Brazil,28,11,1,0,0,5,0,0,6,4,4000000,6500000
Rodrigo Caio,Brazil,28,0,0,0,0,0,0,0,0,0,7000000,6500000
Youssouf Sabaly,Senegal,28,0,0,0,0,0,0,0,0,0,0,6500000
Patric,Spain,28,9,1,0,0,2,0,0,3,1,500000,6500000
Patrick van Aanholt,Netherlands,31,22,1,0,1,3,0,0,0,9,10500000,6000000
Kaiky,Brazil,17,0,0,0,0,0,0,0,0,0,0,6000000
Chrislain Matsima,France,19,7,0,0,0,1,0,0,2,1,0,6000000
Tuta,Brazil,22,11,1,0,0,3,0,0,1,3,1800000,6000000
Zaidu,Nigeria,24,13,0,0,0,2,0,0,3,5,4000000,6000000
Sebastián Cáceres,Uruguay,22,10,0,0,0,1,0,1,0,1,2300000,6000000
Nino,Brazil,24,1,0,1,0,0,0,0,0,1,1100000,6000000
Aihen Muñoz,Spain,24,17,0,0,0,3,0,1,2,5,0,6000000
Leonidas Stergiou,Switzerland,19,11,0,0,0,0,0,0,0,1,0,6000000
Adrià Pedrosa,Spain,23,14,1,0,1,3,0,0,0,1,0,6000000
Jorge Cuenca,Spain,22,12,1,0,0,1,0,0,1,0,2500000,6000000
Jayden Bogle,England,21,12,1,0,1,2,0,0,2,2,3850000,6000000
Oumar Solet,France,21,14,0,0,1,1,0,0,1,2,4500000,6000000
Dylan Bronn,Tunisia,26,13,1,0,1,4,0,1,0,0,4000000,6000000
Javi Galán,Spain,27,15,0,0,1,1,0,0,0,2,4000000,6000000
Márton Dárdai,Germany,19,8,0,0,1,0,0,0,0,2,0,6000000
Ghislain Konan,Cote d'Ivoire,25,13,1,0,1,0,0,0,0,0,4000000,6000000
Konstantinos Mavropanos,Greece,23,14,4,0,1,2,0,0,0,5,2100000,6000000
Rogério,Brazil,23,11,0,0,1,2,0,0,0,2,7000000,6000000
Andreaw Gravillon,Guadeloupe,23,13,0,0,0,5,0,1,0,1,6100000,6000000
Anel Ahmedhodzic,Bosnia-Herzegovina,22,11,0,0,0,5,1,0,0,0,0,6000000
Stanley Nsoki,France,22,16,0,0,0,2,0,2,0,4,6500000,6000000
Arthur Theate,Belgium,21,16,2,0,2,1,0,1,2,1,0,6000000
Jordan Teze,Netherlands,22,18,0,0,3,1,0,0,10,1,0,6000000
Frédéric Guilbert,France,26,12,1,0,3,1,0,0,1,3,5000000,6000000
Omar Alderete,Paraguay,24,14,1,0,0,9,0,0,1,5,0,6000000
Luan Peres,Brazil,27,19,0,1,1,2,0,0,2,0,4500000,6000000
Giuseppe Pezzella,Italy,24,11,0,0,0,2,0,0,10,0,5750000,6000000
Flavius Daniliuc,Austria,20,13,0,0,1,1,0,0,4,3,0,6000000
Dael Fry,England,24,11,0,0,1,1,0,0,0,1,0,6000000
Jordan Lotomba,Switzerland,23,11,0,0,0,1,0,0,6,4,7000000,6000000
Érick Aguirre,Mexico,24,8,0,0,0,0,0,0,1,1,4600000,6000000
Sebastián Vegas,Chile,24,14,0,0,0,6,0,0,0,2,3640000,6000000
Fabricio Bustos,Argentina,25,22,1,0,2,1,0,0,0,2,0,6000000
Júnior Alonso,Paraguay,28,0,0,0,0,0,0,0,0,0,3000000,6000000
Ola Aina,Nigeria,25,13,0,0,0,3,0,0,2,7,9800000,6000000
Brandon Mechele,Belgium,28,19,0,0,0,0,0,0,4,0,0,6000000
Gustavo Gómez,Paraguay,28,0,0,0,0,0,0,0,0,0,2000000,6000000
Thomas Foket,Belgium,27,10,1,0,0,2,0,0,1,2,3500000,6000000
Kiki Kouyaté,Mali,24,11,1,0,0,3,1,0,0,0,3500000,6000000
Ander Capa,Spain,29,0,0,0,0,0,0,0,0,0,3000000,6000000
Álex Moreno,Spain,28,16,1,0,2,2,0,0,4,1,7000000,6000000
Cristian Ramírez,Ecuador,27,12,0,0,0,3,0,0,2,2,1500000,6000000
Omar Colley,The Gambia,29,15,0,0,0,4,0,0,1,3,8000000,6000000
Paddy McNair,Northern Ireland,26,18,3,0,2,5,0,0,0,0,5700000,6000000
Bartosz Bereszynski,Poland,29,14,0,0,2,7,0,0,0,5,1800000,6000000
Ricardo Esgaio,Portugal,28,21,0,0,4,2,0,0,10,2,5500000,6000000
Zouhair Feddal,Morocco,31,15,0,0,1,4,0,0,0,6,3800000,6000000
Kaan Ayhan,Turkey,27,7,0,0,0,1,0,0,3,0,2500000,6000000
Cédric Soares,Portugal,30,5,0,0,1,2,0,0,1,0,0,6000000
Joël Veltman,Netherlands,29,11,0,0,1,4,0,0,1,2,1000000,6000000
Marc Bartra,Spain,30,7,0,0,0,0,0,0,0,1,10500000,6000000
Yaroslav Rakitskiy,Ukraine,32,20,2,0,6,4,0,0,0,9,10000000,6000000
Nico Schulz,Germany,28,11,0,0,0,2,0,0,3,4,25000000,6000000
Ben Mee,England,32,11,2,0,0,1,0,0,0,0,0,6000000
Pedro Mendes,Portugal,31,0,0,0,0,0,0,0,0,0,1000000,6000000
Mamadou Sakho,France,31,11,0,0,0,2,0,0,0,1,0,6000000
Jan Vertonghen,Belgium,34,20,0,0,1,1,0,0,1,1,0,6000000
Borna Barisic,Croatia,29,16,0,0,2,5,0,0,0,1,2450000,5800000
Jonjoe Kenny,England,24,3,0,0,0,0,0,0,1,0,0,5500000
Lucas Piton,Brazil,21,0,0,0,0,0,0,0,0,0,0,5500000
Carlos Augusto,Brazil,22,13,2,0,0,1,0,0,0,1,4000000,5500000
Tomás Tavares,Portugal,20,14,1,0,4,1,0,0,3,2,0,5500000
Marcelo Saracchi,Uruguay,23,0,0,0,0,0,0,0,0,0,12000000,5500000
Kevin Danso,Austria,23,13,0,0,1,2,1,0,1,1,5500000,5500000
Jordan Torunarigha,Germany,24,3,0,0,0,0,0,0,1,1,0,5500000
Almamy Touré,France,25,9,1,0,0,1,0,0,4,5,750000,5500000
Christopher Jullien,France,28,0,0,0,0,0,0,0,0,0,8000000,5500000
Edgar Ié,Guinea-Bissau,27,17,1,0,0,7,0,0,0,0,0,5500000
Vitor Hugo,Brazil,30,16,1,0,0,3,1,0,0,0,3200000,5200000
Nahuel Tenaglia,Argentina,25,22,3,0,2,7,0,0,1,1,0,5000000
Gastón Ávila,Argentina,20,16,3,0,0,2,0,1,0,0,1800000,5000000
Morato,Brazil,20,14,1,0,0,1,0,0,4,0,7600000,5000000
Álex Balde,Spain,18,13,0,0,0,2,0,0,6,3,0,5000000
Alejandro Francés,Spain,19,19,1,0,1,4,0,0,0,3,0,5000000
Igor Diveev,Russia,22,14,1,0,0,1,0,0,0,0,1500000,5000000
Ethan Laird,England,20,19,0,0,4,1,0,0,3,1,0,5000000
Luca Netz,Germany,18,15,1,0,2,1,0,0,5,9,2000000,5000000
Iago,Brazil,24,11,0,1,3,1,0,0,1,3,6500000,5000000
Eduardo Quaresma,Portugal,19,16,0,0,0,1,0,0,3,2,0,5000000
Andrea Carboni,Italy,20,15,0,0,1,1,0,0,0,6,0,5000000
Chris Mepham,Wales,24,16,0,0,0,5,0,0,7,2,13600000,5000000
Jean Marcelin,France,21,0,0,0,0,0,0,0,0,0,10000000,5000000
Bryan Reynolds,United States,20,3,0,0,0,0,0,0,2,0,6750000,5000000
Gerardo Arteaga,Mexico,23,24,2,0,3,3,0,0,0,1,3500000,5000000
Félix Torres,Ecuador,24,17,2,0,0,4,0,0,0,0,1800000,5000000
Miles Robinson,United States,24,0,0,0,0,0,0,0,0,0,0,5000000
Anthony Caci,France,24,15,0,0,2,3,0,0,2,2,0,5000000
